ID,Type,SKU,"GTIN, UPC, EAN, or ISBN",Name,Published,"Is featured?","Visibility in catalog","Short description",Description,"Date sale price starts","Date sale price ends","Tax status","Tax class","In stock?",Stock,"Low stock amount","Backorders allowed?","Sold individually?","Weight (kg)","Length (cm)","Width (cm)","Height (cm)","Allow customer reviews?","Purchase note","Sale price","Regular price",Categories,Tags,"Shipping class",Images,"Download limit","Download expiry days",Parent,"Grouped products",Upsells,Cross-sells,"External URL","Button text",Position,Brands,"Attribute 1 name","Attribute 1 value(s)","Attribute 1 visible","Attribute 1 global","Download 1 ID","Download 1 name","Download 1 URL","Download 2 ID","Download 2 name","Download 2 URL","Download 3 ID","Download 3 name","Download 3 URL","Attribute 2 name","Attribute 2 value(s)","Attribute 2 visible","Attribute 2 global","Download 4 ID","Download 4 name","Download 4 URL"
18755,"simple, virtual",,,"Start Airbnb Like A PRO!",-1,0,visible,"✓ Professionally designed Airbnb listing\n✓ Best Airbnb configuration\n✓ Full A-Z support in setting up your property for Airbnb\n✓ Fastrack to Superhost listing from day one\n✓ Best Airbnb SEO techniques","[wpecpp name='Start Airbnb Like A Pro' price='199.00']<b>Additional Information</b>\n<ul>\n 	<li>Start Airbnb with a professionally created <a href=""https://www.airbnb.co.uk/r/strspecialist"">Airbnb listing</a> and guide you through each phase of the setup process until your first guest checks out.</li>\n 	<li>Ideal for NEWISH EXISTING listings ONLY, this is a listing having less than five reviews.</li>\n 	<li>A detailed review of your listing and share my recommendations for improvement in all aspects including pricing, amenities and best practices when handling guests.</li>\n 	<li>I will rewrite your listing description as part of this package, photo selection, and booking settings.</li>\n 	<li>Provide you with custom messaging templates for high quality and consistent communication with guests.</li>\n 	<li>Superhost co-hosting until your first guest departs to legitimise and make your listing more attractive to a potential guest. Your listing will show “Superhost” status and logo at the top of your listing when guests are viewing the page.</li>\n 	<li>Advise you on each aspect of setting up a successful Airbnb property from scratch.</li>\n</ul>\n<a>Are there any pre-requisites?</a>\n\nYes, you should have access to a property which you can rent on Airbnb. You don’t need to have Airbnb profile, I can help you with creating your Airbnb profile and listing.\n\n<a>WIll you help me furnish it?</a>\n\nYes, I will share the <a href=""https://strspecialist.com/airbnb-essentials/"">full list of items you need to start Airbnb</a>. Everything I recommend, I have personally used them in my Airbnb properties and highly recommended.\n\n<a>How long does it take to start Airbnb in a property?</a>\n\nOnce the property is furnished and photographs have come – from this point onwards, I can get your professional Airbnb listing up and running in about four hours and ready for visitors to book.\n\n<a>How will it all work?</a>\n\nI will get in touch (via email) shortly after you have purchased this product. We will find the best way to stay in touch during the entire process (usually <a href=""https://www.whatsapp.com/"">WhatsApp</a> or <a href=""https://fave.co/35CRflR"">Skype</a>), and from then on, I will provide you all the information to start Airbnb as quickly as possible.\n\nI will also ask a series of questions to determine if you have the optimal settings for maximum exposure to potential guests and give a summary of your answers.\n\n<a>What do you do in Airbnb listing review</a>\n\nThe main areas I will review\n\n✓ Photos\n✓ Title\n✓ Description\n✓ Summary\n✓ Essential Amenities\n✓ Pricing\n✓ Listing Settings\n✓ Strategies to keep you on top",,,none,zero-rate,1,,,0,0,,,,,1,,,199,"Host Toolkit: Digital Templates",,,https://strspecialist.com/wp-content/uploads/2019/11/Product-1-2.png,,,,,,,,,0,,,,,,,,,,,,,,,,,,,,,
19053,"simple, virtual",,,"Airbnb SEO: Optimize Your Listing",-1,0,visible,"Advance Airbnb SEO techniques to optimize your Airbnb listing.\n\nThis includes complete listing makeover with photo captions, host profile &amp; search algorithm keyword stuffing.\n\n✓ More Clicks/Views\n✓ More Reservations\n✓ Higher Search Engine Rank\n✓ MORE INCOME\n<h3>Airbnb SEO</h3>\n<ul>\n 	<li>Tune the listing to optimum settings for the maximum occupancy rate.</li>\n 	<li>Share a full list of items you can refer to when furnishing a property for\nAirbnb.</li>\n 	<li>Advice you on the best practices while setting up the property for\nminimum communication and maximum guest satisfaction.</li>\n 	<li>Advice you on the latest smart solutions available in the market for\nholiday let properties.</li>\n</ul>\n&nbsp;","[wpecpp name='Start Airbnb Like A Pro' price='199.00']\n<h2><strong>Airbnb SEO</strong></h2>\n<strong>Delivery Time: </strong>3 days\n\n<b>What will you get?</b>\n<ol>\n 	<li>""<strong>The Hook</strong>"" / Eye-Catching Title and a Summary Description\nWritten with salesy flair to stand out among competition on the search page, make the potential customer click and get hooked on the description.</li>\n 	<li>""<strong>A Call To Action</strong>"" / Complete Listing with 10 Photo Captions\nEvery Airbnb listing category written to attract, build interest, inform and make the potential customer book your place.</li>\n 	<li>""<strong>The Safe</strong>"" / Complete Listing, Photo Captions, Host Profile, Search Engine Tips\nDesigned to get you to the first page by implementing search engine tips, hook the potential customer and make them your guest after they are wowed by your listing and the host profile.</li>\n</ol>\n<b>Additional Information:</b>\n<ul>\n 	<li>One-off Airbnb SEO listing optimization to boost your listings Airbnb search ranking.</li>\n 	<li>A detailed review of your listing and share my recommendations for improvement in all aspects including pricing, amenities and best practices when handling guests.</li>\n 	<li>I will make changes directly to your listing and rewrite your listing description using keywords as part of this package.</li>\n 	<li>Includes a 30 minutes consultations and walk through of your listing's new look and things to watch out.</li>\n 	<li>Provide you with custom messaging templates for high quality and consistent communication with guests.</li>\n</ul>\n<a>Are there any pre-requisites?</a>\n\nYes, you should have access to a property which you can rent on Airbnb. You don’t need to have Airbnb profile, I can help you with creating your Airbnb profile and listing.\n\n<a>WIll you help me furnish it?</a>\n\nYes, I will share the <a href=""https://strspecialist.com/airbnb-essentials/"">full list of items you need to start Airbnb</a>. Everything I recommend, I have personally used them in my Airbnb properties and highly recommended.\n\n<a>How long does it take to start Airbnb in a property?</a>\n\nOnce the property is furnished and photographs have come – from this point onwards, I can get your professional Airbnb listing up and running in about four hours and ready for visitors to book.\n\n<a>How will it all work?</a>\n\nI will get in touch (via email) shortly after you have purchased this product. We will find the best way to stay in touch during the entire process (usually <a href=""https://www.whatsapp.com/"">WhatsApp</a> or <a href=""https://fave.co/35CRflR"">Skype</a>), and from then on, I will provide you all the information to start Airbnb as quickly as possible.",,,none,zero-rate,1,,,0,0,,,,,1,,,69,"Host Toolkit: Digital Templates",,,https://strspecialist.com/wp-content/uploads/2019/11/Product-2.png,,,,,"id:19369, id:18755",,,,0,,,,,,,,,,,,,,,,,,,,,
19369,"simple, virtual",,,"Automate Airbnb Messaging",-1,0,visible,"<ul>\n 	<li>Automate Airbnb with smart personalized messages</li>\n 	<li>Fully customizable</li>\n 	<li>Email &amp; SMS reminders to cleaners</li>\n 	<li>Automatic pre-approval to inquiries</li>\n 	<li>Different messages for last minute bookings</li>\n 	<li>Write automatic reviews</li>\n 	<li>Review reminders to guests</li>\n 	<li>Followup on inquiries</li>\n 	<li>And many more ways to automate Airbnb....</li>\n</ul>","[wpecpp name='Start Airbnb Like A Pro' price='199.00']\n\n<b>Price: </b>Per month\n\n<b>*One month free trial* - Please message me <a href=""https://strspecialist.com/contact/"">here</a> if you wish to try.</b>\n\n<b>Additional Information</b>\n<ul>\n 	<li>I will send all your repetitive messages to guests, cleaning teams providing them with the right information at the right time.</li>\n 	<li>Provide you with custom messaging templates for high quality and consistent communication with guests and team.</li>\n 	<li>Create a custom messaging strategy suitable for your property.</li>\n 	<li>Instant responses to Airbnb booking events to keep your 'Airbnb response time' quickest in your area.</li>\n 	<li>95% automation, you will only need to respond to uncommon guest messages.</li>\n</ul>\n<a>What are the prerequisites?</a>\n\nYes, you should have access to a property which you can rent on Airbnb. You don’t need to have Airbnb profile, I can help you with creating your Airbnb profile and listing.\n\n<a>Can you help me furnish a property for Airbnb?</a>\n\nYes, I will share the <a href=""https://strspecialist.com/airbnb-essentials/"">full list of items you need to start Airbnb</a>. Everything I recommend, I have personally used them in my Airbnb properties and highly recommended.\n\n<a>How long does it take to start Airbnb in a property?</a>\n\nOnce the property is furnished and photographs have come – from this point onwards, I can get your professional Airbnb listing up and running in about four hours and ready for visitors to book.\n\n<a>After I purchase a product, how will you work with me?</a>\n\nI will get in touch (via email) shortly after you have purchased this product. We will find the best way to stay in touch during the entire process (usually <a href=""https://www.whatsapp.com/"">WhatsApp</a> or <a href=""https://fave.co/35CRflR"">Skype</a>), and from then on, I will provide you all the information to start Airbnb as quickly as possible.\n\n<a>How does the message automation work?</a>\n\nYou will need to invite me as a co-host for your Airbnb listing.\n\nI will work with you to create a messaging strategy for your property. Once we have the messaging templates ready, I will send it to guests, cleaning teams on scheduled times.\n\nFor events based messages such as reservation confirmation, pre-approve inquiries, extend expired inquiry, write guest reviews – they will be done within a few minutes of its occurrence.\n\n<a>Do I need to configure or learn something new for automation to work?</a>\n\nThat’s the beauty of this product!\n\nAll you will ever need to do is:\n<ol>\n 	<li>Work with me for a few hours to finalise the message templates your guests or cleaning team should get at various times or events.</li>\n 	<li>Respond to guests if they ask something uncommon or a question unique to your property and not handled in our messaging templates.</li>\n</ol>",,,none,zero-rate,1,,,0,0,,,,,1,,,30,"Host Toolkit: Digital Templates",,,https://strspecialist.com/wp-content/uploads/2019/12/Product-3-1.png,,,,,,,,,0,,Duration,"Monthly\, Quarterly\, Yearly",1,0,,,,,,,,,,,,,,,,
19736,"simple, virtual",,,"Create & Optimize Professional Airbnb Listing",-1,0,visible,"<ul>\n 	<li>Create Airbnb listing from scratch</li>\n 	<li>Eye-catching title</li>\n 	<li>Description written to stand out among competitors on the search page</li>\n 	<li>Best Airbnb settings to get attract your ideal guests</li>\n 	<li>More clicks/views</li>\n 	<li>More reservations</li>\n 	<li>Higher search engine rank</li>\n 	<li>MORE INCOME</li>\n</ul>","[wpecpp name='Start Airbnb Like A Pro' price='199.00']\n\n<b>Price: For each new listing</b>\n\n<b>Additional Information</b>\n<ul>\n 	<li>I will create a new Airbnb listing for you from scratch</li>\n 	<li>Eye-Catching title and a summary description</li>\n 	<li>This professionally designed listing will have the right combinations of keywords to rank higher in search results in your area</li>\n 	<li>Optimized calendar, pricing, profile, settings, and booking options to attract the kind of guest you wish to host most of the times</li>\n 	<li>Identify improvement areas that directly can impact the performance of your Airbnb</li>\n 	<li>Recommended third-party tools and resources</li>\n</ul>\n<a>What are the prerequisites?</a>\n\nYes, you should have access to a property which you can rent on Airbnb. You don’t need to have Airbnb profile, I can help you with creating your Airbnb profile and listing.\n\n<a>Can you help me furnish a property for Airbnb?</a>\n\nYes, I will share the <a href=""https://strspecialist.com/airbnb-essentials/"">full list of items you need to start Airbnb</a>. Everything I recommend, I have personally used them in my Airbnb properties and highly recommended.\n\n<a>How long does it take to start Airbnb in a property?</a>\n\nOnce the property is furnished and photographs have come – from this point onwards, I can get your professional Airbnb listing up and running in about four hours and ready for visitors to book.\n\n<a>After I purchase a product, how will you work with me?</a>\n\nI will get in touch (via email) shortly after you have purchased this product. We will find the best way to stay in touch during the entire process (usually <a href=""https://www.whatsapp.com/"">WhatsApp</a> or <a href=""https://fave.co/35CRflR"">Skype</a>), and from then on, I will provide you all the information to start Airbnb as quickly as possible.\n\n<a>How does the message automation work?</a>\n\nYou will need to invite me as a co-host for your Airbnb listing.\n\nI will work with you to create a messaging strategy for your property. Once we have the messaging templates ready, I will send it to guests, cleaning teams on scheduled times.\n\nFor events based messages such as reservation confirmation, pre-approve inquiries, extend expired inquiry, write guest reviews – they will be done within a few minutes of its occurrence.\n\n<a>Do I need to configure or learn something new for automation to work?</a>\n\nThat’s the beauty of this product!\n\nAll you will ever need to do is:\n<ol>\n 	<li>Work with me for a few hours to finalise the message templates your guests or cleaning team should get at various times or events.</li>\n 	<li>Respond to guests if they ask something uncommon or a question unique to your property and not handled in our messaging templates.</li>\n</ol>",,,none,zero-rate,1,,,0,0,,,,,1,,,30,"Host Toolkit: Digital Templates",,,https://strspecialist.com/wp-content/uploads/2019/12/professional-Airbnb-Listing-2.png,,,,,,,,,0,,Duration,"Monthly\, Quarterly\, Yearly",1,0,,,,,,,,,,,,,,,,
56167,"simple, downloadable, virtual",,,"Basic plan",-1,0,visible,,,,,none,,1,,,0,1,,,,,1,,,5,"Host Toolkit: Digital Templates",,,https://strspecialist.com/wp-content/uploads/2021/01/download.jpg,-1,-1,,,,,,,0,,,,,,,,,,,,,,,,,,,,,
77673,"simple, downloadable, virtual",,,"Checklist Bundle",-1,0,visible,,,,,taxable,,1,,,0,0,,,,,0,,5,15,"Host Toolkit: Digital Templates",,,https://strspecialist.com/wp-content/uploads/2021/06/checklist-bundle-1-scaled.jpg,-1,-1,,,,,,,0,,,,,,fdde87bc-6083-42e4-aa03-a9b1d9d8b9ed,Preparing_for_arrival_departures-bsdtc9.pdf,https://strspecialist.com/wp-content/uploads/woocommerce_uploads/2021/06/Preparing_for_arrival_departures-bsdtc9.pdf,fbd6c6de-6565-438c-8811-972c4e0fe3c0,Prepare_your_home_for_travelers-ifp0xy.pdf,https://strspecialist.com/wp-content/uploads/woocommerce_uploads/2021/06/Prepare_your_home_for_travelers-ifp0xy.pdf,8ffa0522-1bfe-4393-a310-7bd4b45e2f48,Preparing_for_arrival_departures-bsdtc9.pdf,https://strspecialist.com/wp-content/uploads/woocommerce_uploads/2021/06/Preparing_for_arrival_departures-bsdtc9.pdf,,,,,,,
83250,"simple, downloadable, virtual",,,"Airbnb Cleaning Checklist",-1,0,visible,"No matter what type of accommodation you offer on Airbnb, cleanliness is of the utmost importance to your guests. If your guests notice one small thing that was not cleaned properly, they’ll let you know that your cleaning standards aren’t up to par.","Airbnb Cleaning Checklist! Use this editable cleaning checklist for professional housekeeping for your Airbnb and make sure everything gets done! Great for Airbnb and rentals! Edit this list to suit your preferences and cleaning tasks.\n\nThis simple yet effective checklist will track cleaning activities across each area and tick them off once completed. There is also space for the cleaner to sign their name and date too. Make sure every area you want is cleaned!\n\nBundle Includes:\n✔ Housekeeping Cleaning Checklist template\n✔ Checklist has been divided into areas and sections to make it easy to work through all of the cleaning tasks\n✔ Prefilled with tasks for each area which can be edited to suit your preferences\n✔ Comes in 6 colours (you can edit colours too)\n✔ Great for Airbnb and rentals\n✔ EDITABLE! Update tasks and areas directly\n✔ Can be edited in either Google Sheets or Microsoft Excel\n✔ Change colours, text and fonts to suit you\n✔ Templates come in A4 or US Letter sizes (you can also edit this)\n✔ Edit with unlimited revisions - use the template over and over again\n\nMake property maintenance easy and keep track of all the housekeeping tasks with this handy checklist!",,,none,,1,,,0,0,,,,,0,,,5,"Host Toolkit: Digital Templates",,,https://strspecialist.com/wp-content/uploads/Cleaning-Checklist.jpg,-1,-1,,,,,,,0,,,,,,17727f48-c381-4d80-b379-d0d92e0824b3,"Airbnb Cleaning Checklist",https://strspecialist.com/wp-content/uploads/woocommerce_uploads/Welcome_guests_to_a_clean_home_en-en-djdbeh.pdf,,,,,,,,,,,,,
83276,"simple, downloadable, virtual",,,"Airbnb Welcome Sign Wifi Details House Rules Template",1,0,visible,"Want a quick and stylish way of reminding all of your guests of the key information they need for their stay? Want to avoid repeating the same thing over again and reduce your admin? Use this poster template to highlight useful information your guests will need to enjoy their stay!\n\n<strong>Delivery</strong>\n\nInstant Digital Download\nYour files will be available to download Instantly, once payment is confirmed, through a link.\nYou can login again anytime to get a copy through the link in the secure members area for all you digital downloads.","1 Page Airbnb Welcome Sign Template, Wifi Password Sign Printable, Welcome Book, House Rules, Airbnb Superhost, Vacation Rental, Check Out Instructions, Host Poster\n\nThis one-page poster includes sections for your Wifi login, a reminder of your house rules, check out instructions, as well as a friendly reminder for a review. Fill in the template and then simply hang or frame in your rental!\n\n★ Includes:★\n✔ Welcome Sign Poster\n✔ Tell guests your Wifi log-in details\n✔ Remind guests of your house rules\n✔ Include useful check-out instructions for guests\n✔ Space for your contact details as a host (just in case)\n✔ Add other useful sections such as Parking instructions\n✔ Change colours to your preference\n✔ Add your photos easily (just drag and drop in Canva) - mock photos not included\n✔ Available to edit in <a class=""thirstylink"" title=""Canva"" href=""https://strspecialist.com/recommends/canva/"" target=""_blank"" rel=""noopener"">Canva</a>\n✔ EDITABLE! Edit fonts, colours, text and photos to suit your brand!\n✔ Edit on your laptop/tablet or on your phone directly!\n✔ Edit with unlimited revisions - use the template over and over again\n\nElevate your Airbnb Signage and reduce your admin with these useful one-pager posters!\n\n<strong>What’s included?</strong>\nAfter buying, you will receive a link to download a PDF file with instructions and the link to your editable templates.\n\n<strong>THIS IS A DIGITAL PRODUCT\n</strong>Digital means it's ready to download straight away after buying! No waiting, and no shipping fees. Purchase once and it's yours forever!\n*No physical product will be shipped, frame and props are not included*\n\n<strong>How to order</strong>\nIt's as easy as 1,2,3!\n1. Buy,\n2. Download,\n3. Print and enjoy!\n\n&nbsp;",,,taxable,,1,,,0,0,,,,,0,,4.97,5,"Host Toolkit: Digital Templates",,,"https://strspecialist.com/wp-content/uploads/AirBnb-Welcome-Sign-1.jpg, https://strspecialist.com/wp-content/uploads/il_794xN.3058659018_13k8.jpg, https://strspecialist.com/wp-content/uploads/il_794xN.3106390583_ja37.jpg, https://strspecialist.com/wp-content/uploads/il_794xN.3106390523_gi6f.jpg, https://strspecialist.com/wp-content/uploads/il_794xN.3106390509_m7fl.jpg, https://strspecialist.com/wp-content/uploads/il_794xN.3058659076_8f0q.jpg",-1,-1,,,,,,,0,,Brand,"STR Specialist",0,1,1f14e50c-82a7-4ce0-9a09-fb2e0b92f7fd,"Airbnb Welcome Sign Template",https://strspecialist.com/wp-content/uploads/woocommerce_uploads/AirbnbWelcomeSignTemplateLINK.pdf-w84tsk.pdf,,,,,,,MPN,STR-1011041,0,1,,,
83286,"simple, downloadable, virtual",,,"Airbnb Posters 15 Different Templates Bundle",1,0,visible,"Want a quick way of reminding all of your guests of the key information they need for their stay, as well as adding stylish signs to your Airbnb listing? Want to avoid repeating the same thing over again and reduce your admin? Use these sign &amp; poster templates to highlight useful information your guests will need to enjoy their stay!","15 Editable Airbnb Posters! Template Bundle, Wifi password Sign, Welcome Book, House Rules, Airbnb Host, Vacation Rental, Check Out Signage\n\nThis set of 15 Signs &amp; Poster templates includes signs for your Wifi login, a reminder of your house rules, check out instructions, as well as a friendly reminder for a review. There are 15 templates in total to cover lots of scenarios for your listing! All you need to do is update some of the wording (they come pre-filled) but you can also update to personalize for your listing. Print and then simply hang or frame in your rental!\n\n★ Includes:★\n✔ 15 Signs &amp; Poster Templates\n✔ Tell guests your Wifi log-in details\n✔ Remind guests of your house rules\n✔ Include useful check-out instructions for guests\n✔ Friendly reminders for gusts using your bathrooms and kitchens\n✔ And other posters including no smoking signs and posters for local recommendations\n✔ Change colours to your preference\n✔ Sizes include: 8x10"" | US Letter | A4 | 5x7"" | 11x14"" | 16x20 - These can also be changed to your specific frame size!\n✔ Available to edit in <a class=""thirstylink"" title=""Canva"" href=""https://strspecialist.com/recommends/canva/"" target=""_blank"" rel=""noopener"">Canva</a>\n✔ EDITABLE! Edit fonts, colours, text, sizes and photos to suit your preferences!\n✔ Edit on your laptop/tablet or on your phone directly!\n✔ Edit with unlimited revisions - use the template over and over again\n\nElevate your Airbnb Signage and reduce your admin with these useful signs!\n\n<strong>What’s included?</strong>\nAfter buying, you will receive a link to download a PDF file with instructions and the link to your editable templates.\n\n<strong>THIS IS A DIGITAL PRODUCT\n</strong>Digital means it's ready to download straight away after buying! No waiting, and no shipping fees. Purchase once and it's yours forever!\n*No physical product will be shipped, frame and props are not included*\n\n<strong>How to order</strong>\nIt's as easy as 1,2,3!\n1. Buy,\n2. Download,\n3. Print and enjoy!",,,taxable,,1,,,0,0,,,,,0,,4.94,7.94,"Host Toolkit: Digital Templates",,,"https://strspecialist.com/wp-content/uploads/A-Collection-of-Airbnb-15-Signs-1.webp, https://strspecialist.com/wp-content/uploads/A-Collection-of-15-Signs3.png, https://strspecialist.com/wp-content/uploads/A-Collection-of-15-Signs.png, https://strspecialist.com/wp-content/uploads/A-Collection-of-Airbnb-15-Signs.png",-1,-1,,,"id:83276, id:83326, id:83311",,,,0,,Brand,"STR Specialist",0,1,6b4245c0-7caa-4090-8169-4ca6fa24c2e4,"Airbnb Signs Bundle",https://strspecialist.com/wp-content/uploads/woocommerce_uploads/Airbnb-Signs-Bundle-qiaage-vvnxwt.zip,,,,,,,MPN,STR-1011040,0,1,,,
83311,"simple, downloadable, virtual",,,"Airbnb Welcome Guide House Manual Template",1,1,visible,"Looking for a quick and stylish way to create your very own Airbnb Welcome, as well as a way to remind your guests of all of the key information required for their stay? Want to avoid repeating the same thing over again and reduce your admin? Use this Welcome template to highlight useful information your guests will need to enjoy their stay!",,,,taxable,,1,,,0,0,,,,,0,,9.97,19.94,"Host Toolkit: Digital Templates",,,"https://strspecialist.com/wp-content/uploads/AIrbnb-Guide-Book.png, https://strspecialist.com/wp-content/uploads/Airbnb-Welcome-Book-Template-4.jpg, https://strspecialist.com/wp-content/uploads/Airbnb-Welcome-Book-Template-3.jpg, https://strspecialist.com/wp-content/uploads/Airbnb-Welcome-Book-Template-1.jpg, https://strspecialist.com/wp-content/uploads/Airbnb-Welcome-Book-Template-2.jpg",-1,-1,,,"id:83286, id:83971, id:83618","id:83276, id:83326, id:83475",,,0,,MPN,STR-1011038,0,1,ea961e2c-e5e9-46de-8140-3f77066112cd,AirbnbWelcomeBook-A4-LINK.pdf-x3q0o8.pdf,https://strspecialist.com/wp-content/uploads/woocommerce_uploads/AirbnbWelcomeBook-A4-LINK.pdf-x3q0o8.pdf,,,,,,,,,,,,,
83326,"simple, downloadable, virtual",,,"Airbnb Business Tracker Monthly Annual Profit Loss Income Or Expense Tracker Templates",-1,0,visible,"Use this Google Sheets Airbnb Property Rental Tracker Spreadsheet to easily keep on top of your property business! Use this template as a quick and efficient way to track your growth, see your income, expenses, profit and loss easily!","AIRBNB Spreadsheet Business Tracker, Rental Vacation Property, Editable Spreadsheet, Monthly Annual Profit Loss, Real Estate Income Expense, Super Host\n\nOrganizing and monitoring your business is hard enough. That’s why we wanted to create an easy-to-use simple tool that does all the calculations for you! Each page contains a dashboard, summarizing your revenue, expenses, profits and how you are progressing towards your goals! Stay on top of your rental business with the following features:\n\n✔ Dashboards on each page so you can visually track your progress!\n\n✔Financial Goals: Start by setting your targets and use this spreadsheet to measure how you are doing against them. Specific goals for income and expenses can be customized.\n\n✔Overview Dashboard: Be able to see an overview of your profit, revenue and expenses on one page easily across different time periods!\n\n✔12 Month View: Deep dive into the monthly figures of your property business allowing you to see your different income and expenses breakdown! Track your actual figures versus your goals across time.\n\n✔Custom View: This dashboard allows you to see your income and expenses breakdown across different time periods of your choice. All calculated automatically!\n\n✔Cash Flow Calendar: This dashboard allows you to track your daily net income and expenses across the year. Easily see what days you receive or spend money to better manage your business!\n\n✔Transactions: Enter all of your transactions here and watch while all of the other dashboards automatically update!\n\n✔Categories: Customize categories to suit you and the ones relevant for your property business.\n\n✔Simple &amp; fully automated! All you need to do is fill in the blue boxes and the spreadsheet does all the work for you. No need to fiddle around with any of the charts or formulas, as these are automatically synced up to update!\n\n✔A Guide with full instructions on how to use the tool and get the best out of the calculator are included, as well as full customer support from our shop at any time\n\n<strong>NOTE</strong>\n\n- Best performance with a desktop computer/laptop or tablet. Mobile performance may be limited\n- You will need <a href=""https://www.google.co.uk/sheets/about/"">Google Sheets</a> and a basic understanding of how to use it\n\n<strong>THIS IS A DIGITAL PRODUCT</strong>\n\nDigital means it's ready to download straight away after buying! No waiting, and no shipping fees. Purchase once and it's yours forever!\n\n*No physical product will be shipped, props are not included*",,,taxable,,1,,,0,0,,,,,0,,22.99,59.99,"Host Toolkit: Digital Templates",,,"https://strspecialist.com/wp-content/uploads/Airbnb-Business-Tracker-7.jpg, https://strspecialist.com/wp-content/uploads/Airbnb-Business-Tracker-3.jpg, https://strspecialist.com/wp-content/uploads/Airbnb-Business-Tracker-4.jpg, https://strspecialist.com/wp-content/uploads/Airbnb-Business-Tracker-5.jpg, https://strspecialist.com/wp-content/uploads/Airbnb-Business-Tracker-6.jpg, https://strspecialist.com/wp-content/uploads/Airbnb-Business-Tracker-7.jpg, https://strspecialist.com/wp-content/uploads/Airbnb-Business-Tracker-2.jpg",-1,-1,,,,,,,0,,MPN,STR-1011037,0,1,11d4bcee-785d-40e7-b54f-2b474366f460,"Airbnb Tracker Bundle",https://strspecialist.com/wp-content/uploads/woocommerce_uploads/Airbnb-Business-Tracker-bibnnw.zip,,,,,,,,,,,,,
83475,"simple, downloadable, virtual",,,"Airbnb Cleaning Checklist Template Printable",1,0,visible,"Editable Airbnb Cleaning Checklist Template for your Vacation Rental Business.\n\nClean like a pro with this Airbnb cleaning checklist template. <strong>75+</strong> items to assist you.\n\n<strong>Delivery</strong>\n\nInstant Digital Download\nYour files will be available to download Instantly, once payment is confirmed, through a link.\nYou can login again anytime to get a copy through the link in the secure members area for all you digital downloads.","<strong>What’s included?</strong>\nAfter buying this Airbnb Cleaning Checklist Template, you will receive a link to download a PDF file with instructions and the link to your editable template.\n\n<strong>THIS IS A DIGITAL PRODUCT\n</strong>Digital means it’s you can download your Airbnb Cleaning Checklist Template straight away after buying! No waiting and no shipping fees. Purchase once, and it’s yours forever!\n*No physical product will be shipped; frame and props are not included*\n\n<strong>How to order</strong>\nIt’s as easy as 1,2,3!\n1. Buy,\n2. Download,\n3. Print and enjoy!\n\nAlso, check out our <a href=""https://strspecialist.com/product/airbnb-message-response-templates/"">Airbnb message templates</a>.\n\nYou can also watch Airbnb A-Z Masterclass for FREE on <a href=""https://www.skillshare.com/r/user/strspecialist?gr_tch_ref=on"">this Skillshare link</a>\n\nSafety note: It is essential to protect yourself whenever you clean your property. Make sure always to wear cleaning gloves and goggles. In addition, always use ammonia and bleach products separately. When mixed, they can create a harmful chlorine gas that puts you and your guests in danger.\n\nKeeping Airbnb clean is a huge pledge. Hiring a cleaning crew and automating the process will save copious time and stress. Whether you hire a team or take on the task yourself, it is vital to ensure that your vacation rental is sparkling clean every time. Be sure to purchase and keep a professional cleaning kit, and follow this Airbnb cleaning checklist to ensure your guests arrive at a clean property and get a 5-star experience.",,,taxable,,1,,,0,0,,,,,0,,12.97,28,"Host Toolkit: Digital Templates",,,"https://strspecialist.com/wp-content/uploads/Airbnb-Cleaning-Checklist-2-1.webp, https://strspecialist.com/wp-content/uploads/2-1.jpg, https://strspecialist.com/wp-content/uploads/8.jpg, https://strspecialist.com/wp-content/uploads/9.jpg, https://strspecialist.com/wp-content/uploads/7.jpg",-1,-1,,,,,,,0,,Brand,"STR Specialist",0,1,3b764c85-927b-4f2b-868a-904a625d94fb,"Airbnb Cleaning Checklist",https://strspecialist.com/wp-content/uploads/woocommerce_uploads/Cleaning-Checklist-khux05.pdf,,,,,,,MPN,STR-1011036,0,1,,,
83565,"simple, downloadable, virtual",,,"Airbnb Check Out Sign Template",1,0,visible,"Make a statement in your rental with this practical Airbnb Check Out Sign.\n\nMinimal and modern design that you can download and print at your home!\n\n<strong>Delivery</strong>\n\nInstant Digital Download\nYour files will be available to download Instantly, once payment is confirmed, through a link.\nYou can login again anytime to get a copy through the link in the secure members area for all you digital downloads.","<p class=""wt-text-body-03 wt-mt-xs-1 wt-mb-xs-3 wt-line-height-tight""><strong>Instant Download</strong></p>\n<p class=""wt-text-body-01 wt-text-gray wt-mb-xs-3 wt-line-height-tight"">Your files will be available to download once payment is confirmed.</p>",,,taxable,,1,,,0,0,,,,,0,,2.49,5,"Host Toolkit: Digital Templates",,,"https://strspecialist.com/wp-content/uploads/Airbnb-Checkout-Sign.png, https://strspecialist.com/wp-content/uploads/Airbnb-Checkout-Sign.png, https://strspecialist.com/wp-content/uploads/Airbnb-Checkout-Sign-1.webp",-1,-1,,,,,,,0,,Brand,"STR Specialist",0,1,0b5e99a9-b0a9-42fa-a751-f35b8bbbead4,"Airbnb Checkout Sign PDF",https://strspecialist.com/wp-content/uploads/woocommerce_uploads/4.SH02_CheckOut-6fzwcm.pdf,283eff8e-d097-4ece-906f-0b434a52d1d7,"Airbnb Checkout Sign JPG",https://strspecialist.com/wp-content/uploads/woocommerce_uploads/4.SH02_CheckOut-ardyyh-scaled.jpg,,,,MPN,STR-1011034,0,1,,,
83572,"simple, downloadable, virtual",,,"Airbnb Do Not Flush Sign Template",1,0,visible,"Avoid costly repairs and maintenance headaches. With our ""Do Not Flush"" Sign, you provide clear guidelines for what can and cannot be flushed, all while maintaining the aesthetic integrity of your space. Download now and ensure your pipes remain clog-free and functional!\n\nPlumbing mishaps can be expensive and incredibly inconvenient. By placing a clear, polite reminder in strategic locations, you can minimize the risk of blockages and keep your plumbing running smoothly. Whether you're an Airbnb host, run a boutique hotel, or simply want to remind your household, our sign is the perfect solution.","<strong>What’s included?</strong>\nAfter buying, you will receive a link to download the PDF files in A4 and Letter size.\n\n<strong>THIS IS A DIGITAL PRODUCT\n</strong>Digital means it’s ready to download straight away after buying! No waiting, and no shipping fees. Purchase once and it’s yours forever!\n*No physical product will be shipped, frame and props are not included*\n\n<strong>How to order</strong>\nIt’s as easy as 1,2,3!\n1. Buy,\n2. Download,\n3. Print and enjoy!",,,taxable,,1,,,0,0,,,,,0,,1.97,5,"Host Toolkit: Digital Templates",,,"https://strspecialist.com/wp-content/uploads/Airbnb-Do-Not-Flush-Sign-1.webp, https://strspecialist.com/wp-content/uploads/il_794xN.3074894384_mj92.jpg, https://strspecialist.com/wp-content/uploads/Airbnb-Do-Not-Flush-Sign.jpg",-1,-1,,,,,,,0,,Brand,"STR Specialist",0,1,97fd4203-f25e-477b-a455-0de22828152c,"Airbnb Do Not Flush Sign PDF",https://strspecialist.com/wp-content/uploads/woocommerce_uploads/1.SH01_DoNotFlush-o1glo9.pdf,c105411c-baa3-47df-a633-0a86070cb0d1,"Airbnb Do Not Flush Sign JPG",https://strspecialist.com/wp-content/uploads/woocommerce_uploads/1.SH01_DoNotFlush-uazr1z-scaled.jpg,,,,MPN,STR-1011033,0,1,,,
83618,"simple, downloadable, virtual",,,"Property Management Contract Template Short Term Reservations Holiday Home Rental Lease Co-Host Agreement Sample Editable Airbnb VRBO",1,0,visible,"<table>\n<tbody>\n<tr>\n<td>✓ Holiday Rental Contract   ✓ Co-Host Agreement   ✓ INSTANT DOWNLOAD</td>\n</tr>\n</tbody>\n</table>\nVery Comprehensive Vacation Rental Property Management Contract Template.\n\nIf you are looking to manage someone's property on <a href=""https://www.airbnb.co.uk/r/pchaudhary12"">Airbnb</a> or as a landlord want someone to work it for you, having a written <a href=""https://strspecialist.com/airbnb-property-management/"">Airbnb property management</a> contract is a must.\n\nThis agreement will serve as a record of commitments for both parties and prevent conflicts and mitigate risk. If an agreement is in place, it increases efficiency, which leads to generating higher revenues which will be much more than the investment you will put in to get the agreement in place.\n<table>\n<tbody>\n<tr>\n<td>This short-term rental management agreement template can be used for Airbnb, VRBO, Booking.com, and any other platform. Every reservation will be a legal one with this host essential agreement.</td>\n</tr>\n</tbody>\n</table>\n<strong>Delivery</strong>\n<ul>\n 	<li>Instant Digital Download</li>\n 	<li>Your files will be available to download instantly once payment is confirmed through a link</li>\n 	<li>You can log in again anytime to get a copy through the link in the secure member's area for all your digital downloads</li>\n</ul>","<table>\n<tbody>\n<tr>\n<td>✓Holiday Rental Contract   ✓Co-Host Agreement   ✓INSTANT DOWNLOAD\n\nLooking to take over a short-term rental but kind of freaked out about the paperwork? Do not worry, as I have put together a detailed co-host agreement contract that will give you the kick start you need. Start your property management adventure the right way with a well-written and signed contract, lease, that will protect you and your partner, the co-hosts or the landlord of the property.\n\nThis agreement will serve as a record of commitments for both parties and prevent conflicts and mitigate risk. If an agreement is in place, it increases the efficiency, which leads to generating higher revenues which will be much more than the investment you will put in to get the agreement in place. It is a very comprehensive vacation rental, property management template, that is easy to edit. You may be the renter or the landlord, this contract will be suitable for both.\n\nFor friends, it’s not always necessary if they are looking after it temporarily for you, but if needed, don’t hesitate to get this rolled out and agree to protect both you and the other person in case of a problem.\n\nThis short-term rental management agreement template can be used for Airbnb, VRBO, Booking.com, and any other platform. Every reservation will be a legal one with this host essential agreement.\n\n<strong style=""font-size: 16px; color: var( --e-global-color-text ); letter-spacing: 0px;"">ABOUT</strong>\n<ul>\n 	<li>Short term rental agreement</li>\n 	<li>Suitable for any holiday rental platform</li>\n 	<li>Doc file bundle</li>\n 	<li>Easy edit</li>\n 	<li>Template and sample</li>\n 	<li>Instant download, just place the order and download it</li>\n 	<li>If you have any questions, please contact me</li>\n</ul>\n<strong style=""font-size: 16px; color: var( --e-global-color-text ); letter-spacing: 0px;"">PLEASE NOTE</strong>\n\nThis is a sample Airbnb property management contract I use for taking on properties to manage; if you intend to use this template, please alter it as per your individual needs and local legislation.\n\n<b>What’s included?\n</b>After buying, you will receive a link to download the Editable template files. Can be reused for any number of listings.\n\n<b>THIS IS A DIGITAL PRODUCT\n</b>Digital means it’s ready to download straight away after buying! No waiting, and no shipping fees. Purchase once and it’s yours forever!\n*No physical product will be shipped, frame and props are not included*</td>\n</tr>\n</tbody>\n</table>\n<strong>How to order</strong>\nIt’s as easy as 1,2,3!\n1. Buy,\n2. Download,\n3. Print and enjoy!",,,taxable,,1,,,0,0,,,,,1,,34.97,74.97,"Host Toolkit: Digital Templates","Vacation Rental Property Management Contract Template",,"https://strspecialist.com/wp-content/uploads/3-3.png, https://strspecialist.com/wp-content/uploads/2-4.png, https://strspecialist.com/wp-content/uploads/3-3.png, https://strspecialist.com/wp-content/uploads/Property-Management-Contract-01.webp, https://strspecialist.com/wp-content/uploads/Property-Management-Contract-13.webp, https://strspecialist.com/wp-content/uploads/Property-Management-Contract-12.webp, https://strspecialist.com/wp-content/uploads/Property-Management-Contract-11.webp, https://strspecialist.com/wp-content/uploads/Property-Management-Contract-10.webp, https://strspecialist.com/wp-content/uploads/Property-Management-Contract-09.webp, https://strspecialist.com/wp-content/uploads/Property-Management-Contract-08.webp, https://strspecialist.com/wp-content/uploads/Property-Management-Contract-07.webp, https://strspecialist.com/wp-content/uploads/Property-Management-Contract-06.webp, https://strspecialist.com/wp-content/uploads/Property-Management-Contract-05.webp, https://strspecialist.com/wp-content/uploads/Property-Management-Contract-04.webp, https://strspecialist.com/wp-content/uploads/Property-Management-Contract-03.webp, https://strspecialist.com/wp-content/uploads/Property-Management-Contract-02.webp, https://strspecialist.com/wp-content/uploads/STR-Product-Images-1.png, https://strspecialist.com/wp-content/uploads/5-2.png, https://strspecialist.com/wp-content/uploads/4-2.png",-1,-1,,,id:84518,id:84518,,,0,,Brand,"STR Specialist",0,1,b5922bf8-2d05-4f7b-990e-cf4d4a668c49,"Airbnb Property Management Contract RTF",https://strspecialist.com/wp-content/uploads/woocommerce_uploads/Property-Management-Contract-pywzm0.rtf,20860ee1-e17d-4ed0-bc58-ad5d174665cb,"Airbnb Property Management Contract Doc",https://strspecialist.com/wp-content/uploads/woocommerce_uploads/Property-Management-Contract-v3-2b8ddm.docx,,,,MPN,STR-1011001,0,1,,,
83638,"simple, downloadable, virtual",,,"Airbnb Amenities Checklist",1,0,visible,"The Regular checklist of Products for your <a href=""https://www.airbnb.co.uk/"">Airbnb</a> That your will need to Maintain your AIRBNB or Holiday Rental Business.\n\n100+ items you should try to provide.\n\n<strong>Delivery</strong>\n\nInstant Digital Download\nYour files will be available to download Instantly, once payment is confirmed, through a link.\nYou can login again anytime to get a copy through the link in the secure members area for all you digital downloads.","<strong>What’s included?</strong>\nAfter buying, you will receive a link to download a PDF file.\n\n<strong>THIS IS A DIGITAL PRODUCT\n</strong>Digital means it’s ready to download straight away after buying! No waiting, and no shipping fees. Purchase once and it’s yours forever!\n*No physical product will be shipped, frame and props are not included*\n\n<strong>How to order</strong>\nIt’s as easy as 1,2,3!\n1. Buy,\n2. Download,\n3. Print and enjoy!",,,taxable,,1,,,0,0,,,,,0,,9.97,27,"Host Toolkit: Digital Templates",,,https://strspecialist.com/wp-content/uploads/Airbnb-Amenities-Checklist.webp,-1,-1,,,,,,,0,,Brand,"STR Specialist",0,1,81a92973-43f8-4364-ad2b-0d4c4e7fe699,"Airbnb Essential Amenities Checklist",https://strspecialist.com/wp-content/uploads/woocommerce_uploads/Airbnb-Essential-Amenities-Checklist-kwwcki.pdf,,,,,,,MPN,STR-1011030,0,1,,,
83721,"simple, downloadable, virtual",,,"Airbnb Feedback Form",1,0,visible,"Invest in understanding what your guests truly feel. With our Airbnb Feedback Form, you’re not just awaiting online reviews; you're proactively seeking to enhance your hosting. Download now, and let every guest’s feedback carve the path to your Airbnb success.\n\nAllowing them to share their feedback offline will also reduce negative reviews you may receive from guests online.\n\n<strong>Delivery</strong>\n\nInstant Digital Download\nYour files will be available to download Instantly, once payment is confirmed, through a link.\nYou can login again anytime to get a copy through the link in the secure member's area for all your digital downloads.","<strong>What’s included?</strong>\nAfter buying, you will receive a link to download the PDF files in A4 and Letter size.\n\n<strong>THIS IS A DIGITAL PRODUCT\n</strong>Digital means it’s ready to download straight away after buying! No waiting, and no shipping fees. Purchase once and it’s yours forever!\n*No physical product will be shipped, frame and props are not included*\n\n<strong>How to order</strong>\nIt’s as easy as 1,2,3!\n1. Buy,\n2. Download,\n3. Print and enjoy!",,,taxable,,1,,,0,0,,,,,0,,2.64,5,"Host Toolkit: Digital Templates",,,"https://strspecialist.com/wp-content/uploads/2.webp, https://strspecialist.com/wp-content/uploads/il_794xN.2972178193_n4hy.jpg, https://strspecialist.com/wp-content/uploads/Airbnb-Feedback-Form.png, https://strspecialist.com/wp-content/uploads/Feedback-template.jpg, https://strspecialist.com/wp-content/uploads/1.jpg, https://strspecialist.com/wp-content/uploads/3.jpg",-1,-1,,,,,,,0,,Brand,"STR Specialist",0,1,fc9bdc59-a42e-4aad-a5f0-c642d994b58b,"Airbnb Feedback Form - A4",https://strspecialist.com/wp-content/uploads/woocommerce_uploads/Guest-Feedback-Form-A4-yrugf2.pdf,3dfc76c9-ef70-4b9c-8ccd-d6790975833b,"Airbnb Feedback Form - Letter",https://strspecialist.com/wp-content/uploads/woocommerce_uploads/Guest-Feedback-Form-Letter-4e6zvy.pdf,,,,MPN,STR-1011028,0,1,,,
83730,"simple, downloadable, virtual",,,"Airbnb Complete Startup Products Amenities Checklists",1,0,visible,"List of 200+ amenities an Airbnb property one needs to have to boost reviews and sales.\n\nOnce followed you will not have to go out second time to buy anything. The cost of your second trip to the market, can cover the cost of this product. This alone can save you hundreds and get you up and running in a couple of days instead of months.\n<ol>\n 	<li>Bathroom amenities checklist</li>\n 	<li>Bedroom amenities checklist</li>\n 	<li>Living room amenities checklist</li>\n 	<li>Kitchen amenities checklist</li>\n</ol>\n<strong>Delivery</strong>\n\nInstant Digital Download\nYour files will be available to download Instantly, once payment is confirmed, through a link.\nYou can login again anytime to get a copy through the link in the secure members area for all you digital downloads.","<strong>What’s included?</strong>\nAfter buying, you will receive a link to download four PDF files.\n<strong>THIS IS A DIGITAL PRODUCT\n</strong>Digital means it’s ready to download straight away after buying! No waiting, and no shipping fees. Purchase once and it’s yours forever!\n*No physical product will be shipped, frame and props are not included*\n<strong>How to order</strong>\nIt’s as easy as 1,2,3!\n1. Buy,\n2. Download,\n3. Print and enjoy!",,,taxable,,1,,,0,0,,,,,0,,14.97,69,"Host Toolkit: Digital Templates",,,"https://strspecialist.com/wp-content/uploads/Airbnb-Amenties-List.webp, https://strspecialist.com/wp-content/uploads/letterhead-mockup-featuring-a-pile-of-stapled-documents-1625-el-3.png, https://strspecialist.com/wp-content/uploads/letterhead-mockup-featuring-a-pile-of-stapled-documents-1625-el-2.png, https://strspecialist.com/wp-content/uploads/letterhead-mockup-featuring-a-pile-of-stapled-documents-1625-el-1.png, https://strspecialist.com/wp-content/uploads/letterhead-mockup-featuring-a-pile-of-stapled-documents-1625-el.png",-1,-1,,,,,,,0,,Brand,"STR Specialist",0,1,c344496f-204e-4749-8a14-9913eddaf3c6,"Bathroom Checklist PDF",https://strspecialist.com/wp-content/uploads/woocommerce_uploads/Bathroom-Checklist-ecuuvk.pdf,15612bdb-25fa-4bd6-8bf1-0b275a8e0172,"Bedroom Checklist PDF",https://strspecialist.com/wp-content/uploads/woocommerce_uploads/Bedroom-Checklist-eytv9p.pdf,49c626ac-a14b-4e45-a90e-e5272ce4ee2a,"Kitchen Checklist PDF",https://strspecialist.com/wp-content/uploads/woocommerce_uploads/Kitchen-Checklist-u7ixyq.pdf,MPN,STR-1011026,0,1,114dc5ee-96b1-4caa-aea2-9bde1969cea3,"Living Room Checklist PDF",https://strspecialist.com/wp-content/uploads/woocommerce_uploads/Living-Room-Checklist-fvj34p.pdf
83971,"simple, downloadable, virtual",,,"30 Essential Airbnb Message Templates For Hosts",1,0,visible,"Here are 30 Airbnb message templates to assist in communicating with your guests.\n\nThese saved responses will help you to get 5-star reviews consistently.\n\nIt'll teach you how to communicate with guests before, during and after their stay, so they leave as satisfied customers.\n\n<strong>Some of the saved responses you'll receive include:</strong>\n<ul>\n 	<li>Reservation confirmation</li>\n 	<li>Check-in &amp; check out messages</li>\n 	<li><a href=""https://www.viator.com/?pid=P00052814&amp;mcid=42383&amp;medium=link"">Things to do</a></li>\n 	<li>Where to eat</li>\n 	<li>WiFi details</li>\n 	<li>How to ask for reviews</li>\n 	<li>Early checks ins</li>\n 	<li>Many, many more...</li>\n</ul>\nIt's very easy for you to copy and paste my templates into your Airbnb saved responses.\n\n<strong>Delivery</strong>\n\nInstant Digital Download\nYour files will be available to download Instantly, once payment is confirmed, through a link.\nYou can log in again anytime to get a copy through the link in the secure member's area for all your digital downloads.","Unlock a seamless hosting experience with our extensive collection of Airbnb Message Templates!\n\nThis invaluable resource is meticulously crafted to address every conceivable query and situation, from booking to check-out, ensuring swift and effective communication.\n\nWhether it’s the initial booking confirmation, check-in details, local recommendations, or addressing specific inquiries like pet policies and price reductions, these templates have you covered!\n\nSave time, maintain clarity, and elevate guest satisfaction, all while boosting your chances for those coveted 5-star reviews! Ideal for both newbie and veteran hosts looking to refine their guest interactions and optimize their listing’s potential.\n\n<a href=""https://strspecialist.com/airbnb-templates/"">Airbnb hosting template library</a>\n\n&nbsp;",,,taxable,,1,,,0,0,,,,,0,,18.00,28,"Host Toolkit: Digital Templates",,,"https://strspecialist.com/wp-content/uploads/1-5.png, https://strspecialist.com/wp-content/uploads/26.png, https://strspecialist.com/wp-content/uploads/3-8.png, https://strspecialist.com/wp-content/uploads/8-1.png, https://strspecialist.com/wp-content/uploads/12.png, https://strspecialist.com/wp-content/uploads/17.png, https://strspecialist.com/wp-content/uploads/22.png",-1,-1,,,,,,,0,,Brand,"STR Specialist",0,1,cb60c98b-a177-4908-91af-44dab4418b99,Airbnb-Message-Templates-jeicsj.pdf,https://strspecialist.com/wp-content/uploads/woocommerce_uploads/Airbnb-Message-Templates-jeicsj.pdf,,,,,,,MPN,STR-1011025,0,1,,,
84518,"simple, downloadable, virtual",,,"Airbnb Cleaning Contract Template",1,0,visible,"Comprehensive 6 pages Airbnb Cleaning Contract Template for your STR business.\n\nAnyone who uses <em>cleaning</em> services should consider using a <em>contract template</em> such as this. Not only do you need a <em>contract</em> for <em>cleaning</em> but you should also ask the following:\n<ul>\n 	<li>Is anyone available to cover them in case of emergency if they are unable to attend</li>\n 	<li>Do they have insurance?</li>\n 	<li>Are they able to take pictures for you before and at the end of each turnover?</li>\n 	<li>What are hours do they operate?</li>\n 	<li>Do they supply the products?</li>\n</ul>\nThis Airbnb cleaning agreement can be used for Airbnb, VRBO and many more.\n\nIf you are looking to get someone's property cleaned for use on <a href=""https://www.airbnb.co.uk/r/pchaudhary12"">Airbnb</a> or vacation rental or a landlord and want someone to clean it for you, having a written Airbnb cleaning contract is a must.\n\nThis agreement will serve as a record of commitments for both parties and prevent conflicts and mitigate risk. If an agreement is in place, it increases the efficiency, which leads to generating higher revenues which will be much more than the investment you will put in to get the agreement in place.\n\n<strong>Delivery</strong>\n\nInstant Digital Download\nYour files will be available to download Instantly, once payment is confirmed, through a link.\nYou can log in again anytime to get a copy through the secure member's area link for all your digital downloads.",,,,none,zero-rate,1,,,0,0,,,,,0,,12.97,49.97,"Host Toolkit: Digital Templates","Vacation Rental Property Management Contract Template",,"https://strspecialist.com/wp-content/uploads/Airbnb-Cleaning-Contract.webp, https://strspecialist.com/wp-content/uploads/Screenshot-2021-10-13-8.04.37-PM.png, https://strspecialist.com/wp-content/uploads/Screenshot-2021-10-13-8.04.45-PM.png, https://strspecialist.com/wp-content/uploads/Screenshot-2021-10-13-8.04.57-PM.png",-1,-1,,,id:83618,id:83618,,,0,,Brand,"STR Specialist",0,1,b5922bf8-2d05-4f7b-990e-cf4d4a668c49,"Airbnb Cleaning Contract RTF",https://strspecialist.com/wp-content/uploads/woocommerce_uploads/Airbnb_Cleaning_Agreement-64iz3x.docx,6ba834af-d9c0-4f12-92f3-b4c50be8092b,"Airbnb Cleaning Contract PDF",https://strspecialist.com/wp-content/uploads/woocommerce_uploads/Airbnb_Cleaning_Agreement-vpwwpt.pdf,,,,MPN,STR-1011023,0,1,,,
94206,"simple, downloadable, virtual",,,"How to Start an Airbnb, The Complete Guide for New Hosts",1,0,visible,"<strong>How to Start an Airbnb, The Complete Guide for New Hosts</strong>\n\nThe Complete Guide for New Hosts to start an Airbnb ebook of 100 pages.\n<div>\n\nThere are several reasons one might want to start an Airbnb business. No one reason is right or wrong, but identifying your “why” will help you make the right business decisions down the road.\n\n</div>\nThis ebook can answer all your queries regarding starting an Airbnb business, i.e.\n<ul>\n 	<li>How to make the business profitable.</li>\n 	<li>More Free Time and Flexibility.</li>\n 	<li>How to remain ahead of your business rivals.</li>\n 	<li>Do's and don't to succeed in your new venture.</li>\n</ul>\n<strong>Delivery</strong>\n\nInstant Digital Download\nYour files will be available to download instantly once payment is confirmed through a link.\nYou can log in again anytime to get a copy through the secure member’s area link for all your digital downloads.","<strong>How to Start Airbnb, The Complete Guide for New Hosts</strong>\n\nThe first book, “How to Start an <a href=""https://www.airbnb.co.uk"">Airbnb</a>: The Complete Guide for New Hosts.” This book was created for the aspiring vacation rental host with a drive to stand out from the competition, grow their business, and build an empire.\n<ul>\n 	<li>In this book, you will learn how to finance your property, market your brand, automate your cleaning, and so much more. We partnered with industry leaders in various fields, who kindly contributed to our book to provide you with tips and advice straight from the experts.</li>\n 	<li>I hope this book becomes an essential resource for vacation rental hosts and property managers worldwide, something to come back to again and again.</li>\n</ul>\n<strong>What’s included?</strong>\nAfter buying, you will receive a link to download the zip file.\n\n<strong>THIS IS A DIGITAL PRODUCT\n</strong>Digital means it’s ready to download straight away after buying! No waiting and no shipping fees. Purchase once, and it’s yours forever!\n\n<strong>How to order</strong>\nIt’s as easy as 1,2,3!\n1. Buy,\n2. Download,\n3. Print and enjoy!\n\nAlso, see <a href=""https://strspecialist.com/product/airbnb-cleaning-checklist-template-printable/"">Airbnb Cleaning Checklist Template</a>.",,,none,zero-rate,1,,,0,0,,,,,0,,21.75,34.75,"Host Toolkit: Digital Templates",,,"https://strspecialist.com/wp-content/uploads/Blue-and-Pink-Soft-Magazine-Cover-Mockup-Instagram-Post.png, https://strspecialist.com/wp-content/uploads/How-to-Start-an-Airbnb-Guide-2.jpg, https://strspecialist.com/wp-content/uploads/How-to-Start-an-Airbnb-Guide-1.jpg, https://strspecialist.com/wp-content/uploads/Blue-and-Pink-Soft-Magazine-Cover-Mockup-Instagram-Post.png, https://strspecialist.com/wp-content/uploads/woocommerce_uploads/Airbnb-eBook-ulqxna.jpg",-1,-1,,,id:83286,id:83286,,,0,,Brand,"STR Specialist",0,1,6be38cfd-5bf6-4b49-b3ed-1b84d0f5f80e,"How to Start an Airbnb - The Complete Guide for New Hosts",https://drive.google.com/file/d/1CAmHW3gJUGEzzreQB2caM7TiUkD6etSy/view?usp=sharing,,,,,,,MPN,STR-1011022,0,1,,,
94346,"simple, downloadable, virtual",,,"Rustic Welcome AIRBNB Guide",1,0,visible,"Looking for a quick and stylish way to create your very own Airbnb Welcome, as well as a way to remind your guests of all of the key information required for their stay?\n\nWant to avoid repeating the same thing over again and reduce your admin?\n\nUse this Welcome template to highlight useful information your guests will need to enjoy their stay!","Airbnb Welcome Book Template, Editable Canva Welcome Guide, <a href=""https://www.airbnb.co.uk"">AirBnB</a> House manual, Superhost Guide, Host signs, Signage.\n\nThis set of over 20 pages includes everything your guest will need and ensure they look after your property during their stay. Templates include pages to cover house rules, check-out instructions, emergency contacts, welcome messages and local recommendations, as well as guides for how to use things in your property!\n\nSave yourself some time from having to design your welcome material from scratch and professionalize your listing with these stylish template designs!\n\n★ BUNDLE Includes:★\n✔Welcome Guest Book\n✔Cleaning Checklist\n✔8 signs\n✔1 Welcome Sign\n✔Essentials House Items checklist\n✔ Feedback form✔ Available to edit in <a class=""thirstylink"" title=""Canva"" href=""https://strspecialist.com/recommends/canva/"" target=""_blank"" rel=""noopener"">Canva</a> - you can drag, drop and move elements easily\n✔ No need to have a CanvaPro subscription either! It's free to use!\n✔ Fully EDITABLE! Edit colours, fonts, text and photos to suit you!\n✔ Edit on your laptop/tablet or on your phone directly!\n✔ Edit with unlimited revisions - use the template over and over again\n\nElevate your <a href=""https://www.airbnb.co.uk"">Airbnb</a> listing and ensure your guests feel right at home with this Welcome template!\n\n<strong>What’s included?</strong>\nAfter buying, you will receive a link to download a PDF file with instructions and the link to your editable templates.\n\n<strong>THIS IS A DIGITAL PRODUCT\n</strong>Digital means it's ready to download straight away after buying! No waiting, and no shipping fees. Purchase once and it's yours forever!\n*No physical product will be shipped, frame and props are not included*\n\n<strong>How to order</strong>\nIt's as easy as 1,2,3!\n1. Buy,\n2. Download,\n3. Print and enjoy!",,,taxable,,1,,,0,0,,,,,0,,8,25,"Host Toolkit: Digital Templates",,,"https://strspecialist.com/wp-content/uploads/Rustic-Front-Page.webp, https://strspecialist.com/wp-content/uploads/Rustic-Front-Page.webp, https://strspecialist.com/wp-content/uploads/Rustic-Inventory-List.webp, https://strspecialist.com/wp-content/uploads/Rustic-Stock-Images.webp, https://strspecialist.com/wp-content/uploads/Rustic-What-you-get.webp, https://strspecialist.com/wp-content/uploads/Rustic-Welcome-Book.webp",-1,-1,,,,,,,0,,Brand,"STR Specialist",0,1,6389a690-16ca-4520-996b-e550158b901e,Rustic-AirbnbWelcomeBook-USL-LINK.pdf-r7q9l3.pdf,https://strspecialist.com/wp-content/uploads/woocommerce_uploads/Rustic-AirbnbWelcomeBook-USL-LINK.pdf-lepebj.pdf,,,,,,,MPN,STR-1011021,0,1,,,
95977,"simple, downloadable, virtual",,,"Tropical - AIRBNB Welcome Guide",1,0,visible,"Looking for a quick and stylish way to create your very own Airbnb Welcome, as well as a way to remind your guests of all of the key information required for their stay?\n\nWant to avoid repeating the same thing over again and reduce your admin?\n\nUse this Welcome template to highlight useful information your guests will need to enjoy their stay!","<a href=""https://www.airbnb.co.uk"">Airbnb</a> Welcome Guide\n\nThis set of over 20 pages includes everything your guest will need and ensure they look after your property during their stay. Templates include pages to cover house rules, check-out instructions, emergency contacts, welcome messages and local recommendations, as well as guides for how to use things on your property!\n\nSave yourself some time from having to design your welcome material from scratch and professionalize your listing with these stylish template designs!\n\n★ BUNDLE Includes:★\n✔Welcome Guest Book\n✔Cleaning Checklist\n✔8 signs\n✔1 Welcome Sign\n✔Essentials House Items checklist\n✔ Feedback form✔ Available to edit in <a class=""thirstylink"" title=""Canva"" href=""https://strspecialist.com/recommends/canva/"" target=""_blank"" rel=""noopener"">Canva</a> - you can drag, drop and move elements easily\n✔ No need to have a CanvaPro subscription either! It's free to use!\n✔ Fully EDITABLE! Edit colours, fonts, text and photos to suit you!\n✔ Edit on your laptop/tablet or your phone directly!\n✔ Edit with unlimited revisions - use the template over and over again\n\nElevate your <a href=""https://www.airbnb.co.uk"">Airbnb</a> listing and ensure your guests feel at home with this Welcome template!\n\n<strong>What's included?</strong>\nAfter buying, you will receive a link to download a PDF file with instructions and the link to your editable templates.\n\n<strong>THIS IS A DIGITAL PRODUCT\n</strong>Digital means it's ready to download straight away after buying! No waiting and no shipping fees. Purchase once, and it's yours forever!\n*No physical product will be shipped; frame and props are not included*\n\n<strong>How to order</strong>\nIt's as easy as 1,2,3!\n1. Buy,\n2. Download,\n3. Print and enjoy!",,,taxable,,1,,,0,0,,,,,0,,8,25,"Host Toolkit: Digital Templates",,,"https://strspecialist.com/wp-content/uploads/Tropical-Airbnb-Welcome-Book-1.webp, https://strspecialist.com/wp-content/uploads/Tropical-Airbnb-Welcome-Book.jpg, https://strspecialist.com/wp-content/uploads/Tropical-Airbnb-Welcome-Book-2.jpg, https://strspecialist.com/wp-content/uploads/Tropical-Airbnb-Welcome-Book-3.jpg",-1,-1,,,,,,,0,,Brand,"STR Specialist",0,1,1963256f-c33c-4fa6-9394-45072a441646,"Tropical - Airbnb Welcome Book - LINKS",https://strspecialist.com/wp-content/uploads/woocommerce_uploads/Tropical-Airbnb-Welcome-Book-LINKS-6imsuf.pdf,,,,,,,MPN,STR-1011020,0,1,,,
99812,"simple, downloadable, virtual",,,"Rausch - AIRBNB Welcome Guide",1,0,visible,"Looking for a quick and stylish way to create your very own <a href=""https://www.airbnb.co.uk/"">Airbnb</a> Welcome, as well as a way to remind your guests of all of the key information required for their stay?\n\nWant to avoid repeating the same thing over again and reduce your admin?\n\nUse this Welcome template to highlight useful information your guests will need to enjoy their stay!","<a href=""https://www.airbnb.co.uk"">Airbnb</a> Welcome Guide\n\nThis set of over 20 pages includes everything your guest will need and ensure they look after your property during their stay. Templates include pages to cover house rules, check-out instructions, emergency contacts, welcome messages and local recommendations, as well as guides for how to use things on your property!\n\nSave yourself some time from having to design your welcome material from scratch and professionalize your listing with these stylish template designs!\n\n★ BUNDLE Includes:★\n✔Welcome Guest Book\n✔Cleaning Checklist\n✔8 signs\n✔1 Welcome Sign\n✔Essentials House Items checklist\n✔ Feedback form✔ Available to edit in <a class=""thirstylink"" title=""Canva"" href=""https://strspecialist.com/recommends/canva/"" target=""_blank"" rel=""noopener"">Canva</a> - you can drag, drop and move elements easily\n✔ No need to have a CanvaPro subscription either! It's free to use!\n✔ Fully EDITABLE! Edit colours, fonts, text and photos to suit you!\n✔ Edit on your laptop/tablet or your phone directly!\n✔ Edit with unlimited revisions - use the template over and over again\n\nElevate your <a href=""https://www.airbnb.co.uk"">Airbnb</a> listing and ensure your guests feel at home with this Welcome template!\n\n<strong>What's included?</strong>\nAfter buying, you will receive a link to download a PDF file with instructions and the link to your editable templates.\n\n<strong>THIS IS A DIGITAL PRODUCT\n</strong>Digital means it's ready to download straight away after buying! No waiting and no shipping fees. Purchase once, and it's yours forever!\n*No physical product will be shipped; frame and props are not included*\n\n<strong>How to order</strong>\nIt's as easy as 1,2,3!\n1. Buy,\n2. Download,\n3. Print and enjoy!",,,taxable,,1,,,0,0,,,,,0,,8,25,"Host Toolkit: Digital Templates",,,"https://strspecialist.com/wp-content/uploads/Welcome-Book.jpg, https://strspecialist.com/wp-content/uploads/Welcome-Book-2.jpg, https://strspecialist.com/wp-content/uploads/3-1.jpg, https://strspecialist.com/wp-content/uploads/2-2.jpg",-1,-1,,,,,,,0,,Brand,"STR Specialist",0,1,94864394-16bd-41f1-b81d-203d62529ad8,"Rausch - Welcome AIRBNB Guide",https://strspecialist.com/wp-content/uploads/woocommerce_uploads/Rausch-AirbnbWelcomeBook-LINK.pdf-wco7qg.pdf,,,,,,,MPN,STR-1011019,0,1,,,
100239,"simple, downloadable, virtual",,,"Airbnb Inventory Checklist",1,0,visible,"This straightforward checklist delivers an elaborate inventory structure for hosts, guaranteeing that your property is completely equipped and properly cared for, significantly improving your guests' stay.\n\nNo more missed necessities or eleventh-hour rushes – with the Airbnb Inventory Checklist, rest assured your rental is always primed for guests.\n\n<strong>Delivery</strong>\n\nAs soon as your payment is verified, your files will be ready for download via a provided link. You can log in at any time to retrieve your files from the link located in the secure member's area dedicated to all your digital downloads.","<strong>What’s included?</strong>\nAfter buying, you will receive a link to download a PDF file.\n\n<strong>THIS IS A DIGITAL PRODUCT\n</strong>Digital means it’s ready to download straight away after buying! No waiting, and no shipping fees. Purchase once and it’s yours forever!\n*No physical product will be shipped, frame and props are not included*\n\n<strong>How to order</strong>\nIt’s as easy as 1,2,3!\n1. Buy,\n2. Download,\n3. Print and enjoy!",,,taxable,,1,,,0,0,,,,,0,,5,12.50,"Host Toolkit: Digital Templates","Airbnb, Airbnb Inventory Checklist, inventory checklist",,"https://strspecialist.com/wp-content/uploads/Beige-Minimalist-Letter-and-Planner-Pages-Mockup-Instagram-Post.png, https://strspecialist.com/wp-content/uploads/Beige-Elegant-Tablet-Mockup-Pinterest-Pin.png, https://strspecialist.com/wp-content/uploads/Beige-Minimalist-Letter-and-Planner-Pages-Mockup-Instagram-Post.png, https://strspecialist.com/wp-content/uploads/Cream-Brown-Minimal-Ebook-iPad-Mockup-Pinterest-Pin.png",-1,-1,,,,,,,0,,Brand,"STR Specialist",0,1,414de8ba-73c3-4f20-bac7-8d0c69d92502,"Airbnb Inventory Checklist",https://strspecialist.com/wp-content/uploads/woocommerce_uploads/Airbnb-Inventory-CheckList-r1oexn.pdf,,,,,,,MPN,STR-1011018,0,1,,,
100527,"simple, downloadable, virtual",,,"Editable Airbnb Receipt Template - Host Essentials",1,0,visible,"Introducing our editable 'Airbnb Receipt Template', an essential tool designed with the modern traveller's needs in mind.\n\nThis easy-to-use, editable template allows you to quickly generate and keep track of your Airbnb rental details and expenses, providing you with a clear and professional receipt for your records.\n\nWhether you're travelling for leisure or business, this template ensures you have all the necessary information organized and accessible. Enhance your travel experience and manage your accommodation expenses effortlessly with our 'Airbnb Receipt Template'.\n\n<strong>Delivery</strong>\n\nInstant Digital Download\nYour files will be available to download instantly once payment is confirmed through a link.\nYou can login again anytime to get a copy through the link in the secure members area for all your digital downloads.","<strong>What’s included?</strong>\nAfter buying, you will receive a link to download a .Docx file.\n\n<strong>THIS IS A DIGITAL PRODUCT\n</strong>Digital means it’s ready to download straight away after buying! No waiting and no shipping fees. Purchase once, and it’s yours forever!\n*No physical product will be shipped; frame and props are not included*\n\n<strong>How to order</strong>\nIt’s as easy as 1,2,3!\n1. Buy,\n2. Download,\n3. Print and enjoy!",,,taxable,,1,,,0,0,,,,,1,,5,12.50,"Host Toolkit: Digital Templates","Airbnb, Airbnb receipt template, booking management, Host Essentials",,"https://strspecialist.com/wp-content/uploads/Airbnb-Receipt-Editable.png, https://strspecialist.com/wp-content/uploads/Airbnb-Receipt-Editable.png, https://strspecialist.com/wp-content/uploads/Beige-Digital-Planner-Tablet-Mockup-Pinterest-Pin-1.png, https://strspecialist.com/wp-content/uploads/STR-Product-Images.png",-1,-1,,,,,,,0,,Brand,"STR Specialist",0,1,414de8ba-73c3-4f20-bac7-8d0c69d92502,"Airbnb Receipt Template",https://strspecialist.com/wp-content/uploads/woocommerce_uploads/Airbnb-Reciept-4hvjhw.docx,,,,,,,MPN,STR-1011017,0,1,,,
101114,"simple, downloadable, virtual",,,"Airbnb Template Pack - Host Essentials",1,0,visible,"Embark on your Airbnb hosting journey with our all-inclusive 'Airbnb New Starter Pack'. This meticulously curated pack features seven essential templates designed to streamline your hosting process:\n<ol>\n 	<li>Pre-Listing Checklist: Prepare your property for listing with confidence.</li>\n 	<li>Cleaning &amp; Maintenance Checklist: Ensure a spotless and well-maintained space for every guest.</li>\n 	<li>Safety &amp; Security Checklist: Prioritize guest safety and secure your property.</li>\n 	<li>Guest Amenities Checklist: Offer amenities that delight and enhance guest comfort.</li>\n 	<li>Check-in &amp; Check-out Checklist: Facilitate a seamless arrival and departure experience.</li>\n 	<li>Guest Communication Checklist: Enhance guest interactions and build positive relationships.</li>\n 	<li>Financial &amp; Tax Checklist: Manage your finances effectively and meet tax obligations with ease.</li>\n</ol>\nElevate your hosting game with this comprehensive toolkit, designed to provide an efficient and effective solution for every aspect of your Airbnb hosting journey.\n\n<strong>Delivery</strong>\n\nUpon confirmation of your payment, your files will be immediately available for download via a provided link. For your convenience, you can revisit and access your digital downloads at any time by logging into the secure member's area. Your purchases will always be just a click away.","<strong>What’s included?</strong>\nAfter buying, you will receive a link to download a PDF file.\n\n<strong>THIS IS A DIGITAL PRODUCT\n</strong>Digital means it’s ready to download straight away after buying! No waiting, and no shipping fees. Purchase once and it’s yours forever!\n*No physical product will be shipped, frame and props are not included*\n\n<strong>How to order</strong>\nIt’s as easy as 1,2,3!\n1. Buy,\n2. Download,\n3. Print and enjoy!",,,taxable,,1,,,0,0,,,,,0,,16.45,30.95,"Host Toolkit: Digital Templates","air new starter pack, Airbnb, Host Essentials, New Starter Pack",,"https://strspecialist.com/wp-content/uploads/3-4.png, https://strspecialist.com/wp-content/uploads/4-3.png, https://strspecialist.com/wp-content/uploads/6-1.png, https://strspecialist.com/wp-content/uploads/5-3.png, https://strspecialist.com/wp-content/uploads/3-4.png, https://strspecialist.com/wp-content/uploads/2-5.png, https://strspecialist.com/wp-content/uploads/1-2.png",-1,-1,,,,,,,0,,Brand,"STR Specialist",0,1,12d68a99-00be-4e28-9ad8-c7a8e0f86879,"New Starter Pack",https://strspecialist.com/wp-content/uploads/woocommerce_uploads/New-Starter-Pack-–-Host-Essentials-fdnra9.pdf,,,,,,,MPN,STR-1011015,0,1,,,
105988,"simple, downloadable, virtual",,,"Apartment Hunting Checklist",1,0,visible,"Finding a new apartment can be both exciting and daunting. Our checklist ensures you're armed with the right questions and a structured way to record details. Avoid overlooking key aspects, making your apartment hunting process streamlined and stress-free.\n\nWhether you're a first-time renter or a seasoned apartment hopper, our digital template is tailored to guide you through every step. It's not just about finding a place to stay; it's about finding a place you'll love to call home.\n\n<strong>Seal the Deal with Confidence!</strong>\nWith our Apartment Hunting Checklist, you're not just getting a piece of paper; you're investing in peace of mind. Let every apartment tour be productive, ensuring all boxes are ticked. Download now and embark on a journey to find your dream apartment with confidence.","<strong>What’s included?</strong>\nImmediately after buying, you will receive a link to download the files.\n\n<strong>This is a digital product</strong>\nDigital means it’s ready to download straight away after buying! No waiting, and no shipping fees. Purchase once and it’s yours forever!\n*No physical product will be shipped, frame and props are not included*\n\n<strong>How to order</strong>\nIt’s as easy as 1,2,3!\n1. Buy,\n2. Download,\n3. Print and enjoy!",,,taxable,,1,,,0,0,,,,,0,,3.69,6,"Host Toolkit: Digital Templates",,,https://strspecialist.com/wp-content/uploads/Blue-and-White-Apartment-Hunting-Checklist-1.jpg,-1,-1,,,,,,,0,,Brand,"STR Specialist",1,1,d331fba7-a94c-4487-ae61-6b6bd5d41a94,"Apartment Hunting Checklist",https://strspecialist.com/wp-content/uploads/woocommerce_uploads/Apartment-Hunting-Checklist-v91smp.pdf,,,,,,,MPN,STR-459874,1,1,,,
107015,"simple, downloadable, virtual",,,"Airbnb Hosting Contract Template: Comprehensive and Customizable Lease Agreement for Hosts and Guests",1,0,visible,"Are you an Airbnb host looking to protect your property and establish clear guidelines for your guests? Our comprehensive and customizable Airbnb Hosting Contract Template is designed to provide you with legal safeguards and peace of mind.\n\n💡 Ideal for:\nNew Airbnb Hosts\nExperienced Airbnb Hosts looking to formalize their bookings\nProperty Managers\nAnyone renting out a property on short-term lease platforms\nProtect your property, ensure a smooth rental experience, and instil a sense of trust between you and your guests. Order your Airbnb Hosting Contract Template today!","🌟 What You'll Get:\n\nA Google Doc format that's easily editable and customizable\nSections covering property details, booking conditions, payment terms, rules and regulations, and more\nEmpty spaces and '_' placeholders for adding property-specific details\nProfessional language that's easy to understand\n\n--------------------------------------------------------\n\n🌟 Why Choose Our Template?\n\nComprehensive: Covers all the bases to protect both parties involved\nCustomizable: Tailor the contract to fit your specific needs and property features\nTime-Saving: Ready-to-use format saves you time in drafting legal documents from scratch\nProfessional: Designed by industry experts to ensure all critical points are covered\n\n--------------------------------------------------------\n\n🌟 How to Use:\n\nPurchase and download the template.\nOpen the Doc file.\nFill in the blanks with your custom details.\nPrint or send digitally for signature.",,,taxable,,1,,,0,0,,,,,0,,17.84,24.99,"Host Toolkit: Digital Templates",,,"https://strspecialist.com/wp-content/uploads/Airbnb-Property-Management-Contract-RTF-1.png, https://strspecialist.com/wp-content/uploads/Short-Term-Rental-Agreement_Lease-Addendum-01.png, https://strspecialist.com/wp-content/uploads/Short-Term-Rental-Agreement_Lease-Addendum-09.png, https://strspecialist.com/wp-content/uploads/Short-Term-Rental-Agreement_Lease-Addendum-08.png, https://strspecialist.com/wp-content/uploads/Short-Term-Rental-Agreement_Lease-Addendum-07.png, https://strspecialist.com/wp-content/uploads/Short-Term-Rental-Agreement_Lease-Addendum-06.png, https://strspecialist.com/wp-content/uploads/Short-Term-Rental-Agreement_Lease-Addendum-05.png, https://strspecialist.com/wp-content/uploads/Short-Term-Rental-Agreement_Lease-Addendum-04.png, https://strspecialist.com/wp-content/uploads/Short-Term-Rental-Agreement_Lease-Addendum-03.png, https://strspecialist.com/wp-content/uploads/Short-Term-Rental-Agreement_Lease-Addendum-02.png",-1,-1,,,,,,,0,,Brand,"STR Specialist",1,1,27518dd3-5e7f-467e-845d-e60e77f79c8f,"Short Term Rental Agreement_Lease Addendum",https://strspecialist.com/wp-content/uploads/woocommerce_uploads/Short-Term-Rental-Agreement_Lease-Addendum-zlsxbp.docx,,,,,,,MPN,STR-47458,1,1,,,
107042,"simple, downloadable, virtual",,,"Airbnb Sublease Agreement Template: Short Term Let Sublease",1,0,visible,"Are you planning to sublease your property on Airbnb? Streamline the process and protect your interests with our Airbnb Sublease Agreement Template. This editable, professional, and easy-to-use template is designed to cover all essential terms and conditions, ensuring a hassle-free subleasing experience for both parties involved.\n\n<strong>What's Included:</strong>\nIntroduction &amp; Parties Involved: Clearly outline who the Sublessor and Sublessee are.\nProperty Details: A section to specify the property being subleased.\nTerms &amp; Conditions: Comprehensive clauses covering rent, security deposit, maintenance, utilities, and more.\nLiability &amp; Insurance: Clearly state responsibilities regarding damages and insurance.\nLegal Compliance: Ensure that your agreement is in accordance with applicable laws.\nDispute Resolution: Outline steps for resolving conflicts should they arise.\nSignature Section: Space for both parties to sign, making the agreement legally binding.","Features:\nEditable: Easily add, remove, or change text as needed.\nProfessional: Designed by legal experts to ensure it covers all bases.\nInstant Download: Get immediate access to the template after purchase.\nHigh-Quality Format: Available in [insert format e.g., PDF, Word].\nSafeguard your property and your peace of mind with this comprehensive Airbnb Sublease Agreement Template. Download now and get started in minutes!",,,taxable,,1,,,0,0,,,,,0,,22.67,29.99,"Host Toolkit: Digital Templates",,,"https://strspecialist.com/wp-content/uploads/Airbnb-Property-Management-Contract-RTF-3.webp, https://strspecialist.com/wp-content/uploads/Sublease-Agreement-between-Sublessor-and-Sublessee-01.png, https://strspecialist.com/wp-content/uploads/Sublease-Agreement-between-Sublessor-and-Sublessee-02.png, https://strspecialist.com/wp-content/uploads/Sublease-Agreement-between-Sublessor-and-Sublessee-03.png, https://strspecialist.com/wp-content/uploads/Sublease-Agreement-between-Sublessor-and-Sublessee-04.png, https://strspecialist.com/wp-content/uploads/Sublease-Agreement-between-Sublessor-and-Sublessee-05.png, https://strspecialist.com/wp-content/uploads/Sublease-Agreement-between-Sublessor-and-Sublessee-06.png, https://strspecialist.com/wp-content/uploads/Sublease-Agreement-between-Sublessor-and-Sublessee-07.png, https://strspecialist.com/wp-content/uploads/Sublease-Agreement-between-Sublessor-and-Sublessee-08.png, https://strspecialist.com/wp-content/uploads/Sublease-Agreement-between-Sublessor-and-Sublessee-09.png, https://strspecialist.com/wp-content/uploads/Sublease-Agreement-between-Sublessor-and-Sublessee-10.png, https://strspecialist.com/wp-content/uploads/Sublease-Agreement-between-Sublessor-and-Sublessee-11.png, https://strspecialist.com/wp-content/uploads/Sublease-Agreement-between-Sublessor-and-Sublessee-12.png",-1,-1,,,,,,,0,,Brand,"STR Specialist",1,1,72719f36-3ca9-4df9-85fe-abc0e07a3c91,"Airbnb Sublease Agreement between Sublessor and Sublessee",https://strspecialist.com/wp-content/uploads/woocommerce_uploads/Sublease-Agreement-between-Sublessor-and-Sublessee-4mleec.docx,,,,,,,MPN,STR-9983674,1,1,,,
107065,"simple, downloadable, virtual",,,"Airbnb Liability Waiver Template",1,0,visible,"Maximize your protection and minimize your risks with this Comprehensive Liability Waiver Template. Ideal for property owners, event organizers, and businesses, this downloadable template is designed to cover all essential aspects of liability, ensuring you're legally safeguarded.\n\nWhy do you need a Liability Waiver?\n\nTo protect against legal claims and lawsuits\nTo clearly outline the responsibilities and risks for parties involved\nTo establish a professional tone for your business or event","<strong>What's Included?</strong>\n\nDetailed clauses on risk acknowledgement, <a href=""https://strspecialist.com/ways-to-avoid-covid-19-travel-and-airports/"">medical concerns</a>, indemnification, and more\nEasily <a href=""https://strspecialist.com/furnishing-your-airbnb-property/"">customizable sections</a> to fit your specific needs\nClear and straightforward language, reviewed for <a href=""https://strspecialist.com/how-to-prevent-parties-in-your-airbnb/"">legal soundness</a>\nFormats: PDF, Word (Editable)\nNote: Always <a href=""https://strspecialist.com/liability-waiver-for-your-property-activity-or-event/"">consult a legal professional</a> for your specific needs.\n\nBuy now and <a href=""https://strspecialist.com/securing-guest-well-being-in-airbnb-rentals/"">ensure you’re protected</a> with a document that leaves no room for misunderstandings. This is your one-stop solution for comprehensive legal protection.",,,taxable,,1,,,0,0,,,,,0,,16.60,20.99,"Host Toolkit: Digital Templates",,,"https://strspecialist.com/wp-content/uploads/STR-6.webp, https://strspecialist.com/wp-content/uploads/Liability-Waiver-for-Short-Term-Rental-Airbnb-1.png, https://strspecialist.com/wp-content/uploads/Liability-Waiver-for-Short-Term-Rental-Airbnb-2.png, https://strspecialist.com/wp-content/uploads/Liability-Waiver-for-Short-Term-Rental-Airbnb-3.png, https://strspecialist.com/wp-content/uploads/Liability-Waiver-for-Short-Term-Rental-Airbnb-4.png, https://strspecialist.com/wp-content/uploads/Liability-Waiver-for-Short-Term-Rental-Airbnb-5.png, https://strspecialist.com/wp-content/uploads/Liability-Waiver-for-Short-Term-Rental-Airbnb-6.png, https://strspecialist.com/wp-content/uploads/Liability-Waiver-for-Short-Term-Rental-Airbnb-7.png, https://strspecialist.com/wp-content/uploads/Liability-Waiver-for-Short-Term-Rental-Airbnb-8.png, https://strspecialist.com/wp-content/uploads/Liability-Waiver-for-Short-Term-Rental-Airbnb-9.png",-1,-1,,,,,,,0,,MPN,STR-1122453,1,1,0de3399e-29fa-4759-9fd8-b6f2d39063af,"Liability Waiver for Short-Term Rentals Airbnb",https://strspecialist.com/wp-content/uploads/woocommerce_uploads/Liability-Waiver-for-Short-Term-Rental-Airbnb-vwxdnc.docx,,,,,,,Brand,"STR Specialist",1,1,,,
107079,"simple, downloadable, virtual",,,"Airbnb Cleaning Agreement Template - Professional Contract for Cleaners and Airbnb STR Hosts",1,0,visible,"Are you an Airbnb or Vrbo host looking to streamline your cleaning operations? Our Cleaning Service Agreement Template is designed with you in mind! This comprehensive yet easy-to-follow contract sets the terms between you and your cleaning service, ensuring that your property always meets the high standards your guests expect.\n\nFrom rates to chemicals used, employee vetting to damage reporting, this template covers it all. Plus, it's fully customizable to suit the unique needs of your rental property. Take the stress out of hosting and ensure your property is sparkling clean for every guest. Simply download, fill in your specific details, and you're good to go.\n\nStay ahead of the game and elevate your hosting business today!","Simply fill in the blanks or replace the underscores to tailor the agreement to your specific needs. This template is designed to be as comprehensive as possible, making it a valuable tool for anyone in the cleaning industry.\n\nNote: This is a digital product. No physical item will be shipped.\n\nDownload now and take the first step toward a more organized and legally secure cleaning operation!""\n\nFeel free to edit this description according to your needs.",,,taxable,,1,,,0,0,,,,,0,,18.61,23.45,"Host Toolkit: Digital Templates",,,"https://strspecialist.com/wp-content/uploads/STR.webp, https://strspecialist.com/wp-content/uploads/Cleaning-Service-Agreement-For-Residential-Properties-Airbnb-VRBO-01.webp, https://strspecialist.com/wp-content/uploads/Cleaning-Service-Agreement-For-Residential-Properties-Airbnb-VRBO-12.webp, https://strspecialist.com/wp-content/uploads/Cleaning-Service-Agreement-For-Residential-Properties-Airbnb-VRBO-11.webp, https://strspecialist.com/wp-content/uploads/Cleaning-Service-Agreement-For-Residential-Properties-Airbnb-VRBO-10.webp, https://strspecialist.com/wp-content/uploads/Cleaning-Service-Agreement-For-Residential-Properties-Airbnb-VRBO-09.webp, https://strspecialist.com/wp-content/uploads/Cleaning-Service-Agreement-For-Residential-Properties-Airbnb-VRBO-08.webp, https://strspecialist.com/wp-content/uploads/Cleaning-Service-Agreement-For-Residential-Properties-Airbnb-VRBO-07.webp, https://strspecialist.com/wp-content/uploads/Cleaning-Service-Agreement-For-Residential-Properties-Airbnb-VRBO-06.webp, https://strspecialist.com/wp-content/uploads/Cleaning-Service-Agreement-For-Residential-Properties-Airbnb-VRBO-05.webp, https://strspecialist.com/wp-content/uploads/Cleaning-Service-Agreement-For-Residential-Properties-Airbnb-VRBO-04.webp, https://strspecialist.com/wp-content/uploads/Cleaning-Service-Agreement-For-Residential-Properties-Airbnb-VRBO-03.webp, https://strspecialist.com/wp-content/uploads/Cleaning-Service-Agreement-For-Residential-Properties-Airbnb-VRBO-02.webp",-1,-1,,,,,,,0,,Brand,"STR Specialist",1,1,dc629a43-e92c-4273-81a5-cdd153c21b23,"Cleaning Service Agreement For Residential Airbnb VRBO",https://strspecialist.com/wp-content/uploads/woocommerce_uploads/Cleaning-Service-Agreement-For-Residential-Airbnb-VRBO-4qtybm.docx,,,,,,,MPN,STR-4395743,1,1,,,
107110,"simple, downloadable, virtual",,,"Pet Agreement For Vacation Rental Airbnb Hosts: Responsible Pet Ownership on Rental Property",1,0,visible,"Ensure a Harmonious Pet-Friendly Rental Experience with Our Comprehensive Pet Agreement Template!\n\nWelcoming pets into your rental property? Protect your interests and maintain a harmonious living environment with our professionally crafted Pet Agreement Template. Designed specifically for landlords and tenants, this template sets clear expectations, responsibilities, and rules for pet ownership on your property.\n\n<strong>What's Included:</strong>\n<ul>\n 	<li>Introduction: Lay the foundation for a responsible pet ownership arrangement.</li>\n 	<li>Pet Information: Capture essential details about the pet(s) residing on your property.</li>\n 	<li>Pet Rules and Regulations: Define acceptable behavior, noise control, and leash policies.</li>\n 	<li>Pet Care Responsibilities: Establish guidelines for feeding, grooming, and veterinary care.</li>\n 	<li>Property Damages and Cleaning: Cover property damage responsibilities and cleaning obligations.</li>\n 	<li>Liability and Insurance: Clarify tenant liability and the need for renter's insurance.</li>\n 	<li>Additional Charges: Detail any pet-related fees or charges.</li>\n 	<li>Pet Agreement Term: Specify the start and end dates of the pet agreement.</li>\n 	<li>Termination of Agreement: Outline the consequences of non-compliance and breach of terms.</li>\n 	<li>Signatures: Provide spaces for both landlord and tenant signatures.</li>\n</ul>","<strong>Why Choose Our Pet Agreement Template:</strong>\n<ul>\n 	<li>Professionally drafted and customizable to suit your property's specific requirements.</li>\n 	<li>Ensures a respectful living environment for all residents and their pets.</li>\n 	<li>Protects your property from potential pet-related damages.</li>\n 	<li>Minimizes disputes and misunderstandings through clear and detailed terms.</li>\n 	<li>Easily downloadable and editable, so you can start using it right away.</li>\n 	<li>Don't leave pet-related matters to chance. Secure your rental property's integrity and create a pet-friendly atmosphere with our Pet Agreement Template. Download now and pave the way for a hassle-free pet experience for both you and your tenants.</li>\n</ul>",,,taxable,,1,,,0,0,,,,,0,,9.39,13.60,"Host Toolkit: Digital Templates","downloadable, landlord tenant, living environment, pet agreement, pet care, pet ownership, pet-friendly, property damage, rental property, renter's insurance, responsible pet, temp rules, tenant liability",,"https://strspecialist.com/wp-content/uploads/STR-1.webp, https://strspecialist.com/wp-content/uploads/Pet-Agreement_-Responsible-Pet-Ownership-on-Rental-Property-1.webp, https://strspecialist.com/wp-content/uploads/Pet-Agreement_-Responsible-Pet-Ownership-on-Rental-Property-2.webp, https://strspecialist.com/wp-content/uploads/Pet-Agreement_-Responsible-Pet-Ownership-on-Rental-Property-3.webp, https://strspecialist.com/wp-content/uploads/Pet-Agreement_-Responsible-Pet-Ownership-on-Rental-Property-4.webp, https://strspecialist.com/wp-content/uploads/Pet-Agreement_-Responsible-Pet-Ownership-on-Rental-Property-5.webp, https://strspecialist.com/wp-content/uploads/Pet-Agreement_-Responsible-Pet-Ownership-on-Rental-Property-6.webp, https://strspecialist.com/wp-content/uploads/Pet-Agreement_-Responsible-Pet-Ownership-on-Rental-Property-7.webp, https://strspecialist.com/wp-content/uploads/Pet-Agreement_-Responsible-Pet-Ownership-on-Rental-Property-8.webp",-1,-1,,,,,,,0,,Brand,"STR Specialist",1,1,d2bf553c-b3fa-4958-917e-1323f7754b0f,"Pet Agreement_ Responsible Pet Ownership on Rental Property",https://strspecialist.com/wp-content/uploads/woocommerce_uploads/Pet-Agreement_-Responsible-Pet-Ownership-on-Rental-Property-skh7qh.docx,,,,,,,MPN,STR-19282,1,1,,,
107146,"simple, downloadable, virtual",,,"Short-Term Rental Airbnb VRBO Maintenance and Repair Contract Template",1,0,visible,"Ensure a seamless maintenance and repair process for your Airbnb property with our comprehensive Maintenance and Repair Contract template. This professionally crafted template outlines the responsibilities, communication protocols, fees, insurance considerations, and more between hosts and maintenance providers. Whether you're a host looking to establish clear terms or a maintenance provider seeking a solid agreement, this template simplifies the process. Download, customize, and protect your property investment today!","Easily customizable sections to fit your specific needs\nClear and straightforward language, reviewed for legal soundness\nFormats: PDF, Word (Editable)\nNote: Always consult a legal professional for your specific needs.\n\nBuy now and ensure you’re protected with a document that leaves no room for misunderstandings. This is your one-stop solution for comprehensive legal protection.",,,taxable,,1,,,0,0,,,,,0,,14.00,18.10,"Host Toolkit: Digital Templates","airbnb contract, home repair, host agreement, landlord agreement, maintenance agreement, maintenance provider, property maintenance, property maintenance template, property management, property protection, rental property contract, rental property management, repair services",,"https://strspecialist.com/wp-content/uploads/STR-2.webp, https://strspecialist.com/wp-content/uploads/Airbnb-Maintenance-and-Repair-Contract-Template-01.webp, https://strspecialist.com/wp-content/uploads/Airbnb-Maintenance-and-Repair-Contract-Template-02.webp, https://strspecialist.com/wp-content/uploads/Airbnb-Maintenance-and-Repair-Contract-Template-03.webp, https://strspecialist.com/wp-content/uploads/Airbnb-Maintenance-and-Repair-Contract-Template-04.webp, https://strspecialist.com/wp-content/uploads/Airbnb-Maintenance-and-Repair-Contract-Template-05.webp, https://strspecialist.com/wp-content/uploads/Airbnb-Maintenance-and-Repair-Contract-Template-06.webp, https://strspecialist.com/wp-content/uploads/Airbnb-Maintenance-and-Repair-Contract-Template-07.webp, https://strspecialist.com/wp-content/uploads/Airbnb-Maintenance-and-Repair-Contract-Template-08.webp, https://strspecialist.com/wp-content/uploads/Airbnb-Maintenance-and-Repair-Contract-Template-09.webp, https://strspecialist.com/wp-content/uploads/Airbnb-Maintenance-and-Repair-Contract-Template-10.webp, https://strspecialist.com/wp-content/uploads/Airbnb-Maintenance-and-Repair-Contract-Template-11.webp",-1,-1,,,,,,,0,,Brand,"STR Specialist",1,1,3d42e2b2-11ef-4063-850a-7611464400d3,"Airbnb Maintenance and Repair Contract Template",https://strspecialist.com/wp-content/uploads/woocommerce_uploads/Airbnb-Maintenance-and-Repair-Contract-Template-97eygv.docx,,,,,,,MPN,STR-182822,1,1,,,
107763,"simple, downloadable, virtual",,,"Indemnity Agreement For Residential Property Airbnb, VRBO",1,0,visible,"Our Indemnity Agreement for Residential Property on Airbnb and VRBO is the essential legal safeguard you didn't know you needed. Designed by experts, this comprehensive form ensures both parties are protected, setting the foundation for a smooth rental experience.\n\nTired of worrying about the ""what ifs"" when renting out your property on Airbnb or VRBO? Eliminate the guesswork and sleep easy with our foolproof Indemnity Agreement! It's not just a document; it's your peace of mind, expertly crafted to shield you from unforeseen liabilities and disputes. Invest in protection today and make your property the go-to safe haven for travelers. Don't wait for a mishap to wish you had it—act now!","Easily <a href=""https://strspecialist.com/furnishing-your-airbnb-property/"">customizable sections</a> to fit your specific needs\nClear and straightforward language, reviewed for <a href=""https://strspecialist.com/product/airbnb-liability-waiver-template/"">legal soundness</a>\nFormats: PDF, Word (Editable)\nNote: Always <a href=""https://strspecialist.com/product/airbnb-liability-waiver-template/"">consult a legal professional</a> for your specific needs.\n\nBuy now and ensure you’re protected with a document that leaves no room for misunderstandings. This is your one-stop solution for <a href=""https://strspecialist.com/product/airbnb-liability-waiver-template/"">comprehensive legal protection</a>.",,,taxable,,1,,,0,0,,,,,0,,11,15.45,"Host Toolkit: Digital Templates","airbnb contract, Airbnb Indemnity Agreement, Airbnb Rental Contracts, home repair, host agreement, Indemnity Agreement Templates, Indemnity Forms for Landlords, landlord agreement, property management, property protection, rental property contract, rental property management, Residential Property Lease Agreement, Short-term Rental Legal Documents, VRBO Legal Forms",,"https://strspecialist.com/wp-content/uploads/Indemnity-Agreement-For-Residential-Property-Airbnb-VRBO.jpg, https://strspecialist.com/wp-content/uploads/1-1.jpg, https://strspecialist.com/wp-content/uploads/2-3.jpg, https://strspecialist.com/wp-content/uploads/3-2.jpg, https://strspecialist.com/wp-content/uploads/4.jpg, https://strspecialist.com/wp-content/uploads/5.jpg, https://strspecialist.com/wp-content/uploads/6.jpg, https://strspecialist.com/wp-content/uploads/7-1.jpg",-1,-1,,,,,,,0,,Brand,"STR Specialist",1,1,c9e05c3d-6033-4f61-8dea-fba014159299,"Indemnity Agreement For Residential Property Airbnb, VRBO",https://strspecialist.com/wp-content/uploads/woocommerce_uploads/Indemnity-Agreement-For-Residential-Property-Airbnb-VRBO-mhupbi.docx,,,,,,,MPN,STR-182822,1,1,,,
108441,"simple, downloadable, virtual",,,"Arrivals and Departures Checklist Template",1,0,visible,"Transform your hosting skills with our Arrivals and Departures Checklist Template! This indispensable guide offers a step-by-step roadmap for delivering a flawless guest experience from the moment they walk into the time they leave.\n\nReady to become the host everyone raves about? Unveil the ultimate guest experience with our game-changing Arrivals and Departures Checklist Template! This isn't just another list—it's a comprehensive blueprint designed to catapult your hosting into the realm of 5-star reviews and fully booked calendars.\n\nWhether you're a hosting newbie or a seasoned veteran, our checklist will streamline every interaction, leaving your guests not just satisfied, but absolutely delighted. Don't miss out on the chance to revolutionize your hosting game—grab your checklist now and become the host that everyone wishes they could be!","Introducing our Arrivals and Departures Checklist Template: the ultimate tool for hosts seeking to perfect the guest experience. This easy-to-follow guide streamlines the entire hosting process, covering everything from pre-arrival preparations to post-departure tasks.\n\nDesigned for both novice and seasoned hosts, this template ensures seamless transitions and raving guest reviews. Don't leave your guest experience to chance; download our checklist and host like a pro!\n\n<strong>Delivery</strong>\n\nInstant Digital Download\nYour files will be available to download Instantly, once payment is confirmed, through a link.\nYou can login again anytime to get a copy through the link in the secure members area for all you digital downloads.",,,taxable,,1,,,0,0,,,,,0,,5,9.25,"Host Toolkit: Digital Templates","Airbnb Arrival Checklist, Airbnb Host Checklist, Arrivals and Departures Checklist Template, Check-in Check-out Template, Guest Arrival Checklist, Guest Check-in and Check-out Template, Guest Departure Checklist, Guest Stay Checklist, Guest Transition Checklist, Hospitality Checklist Template, Hosting Checklist Template, Hotel Check-in Checklist, Hotel Guest Checklist, Rental Property Checklist for Guests, Rental Turnover Checklist, Vacation Rental Checklist for Guests, Vacation Rental Turnover Checklist",,"https://strspecialist.com/wp-content/uploads/Checklist.png, https://strspecialist.com/wp-content/uploads/3-6.png, https://strspecialist.com/wp-content/uploads/2-8.png, https://strspecialist.com/wp-content/uploads/1-4.png",-1,-1,,,,,,,0,,Brand,"STR Specialist",1,1,7522c92b-298d-4842-97e7-ee81f8b34be2,"Arrivals and Departures Checklist Template",https://strspecialist.com/wp-content/uploads/woocommerce_uploads/Arrivals-and-Departures-Checklist-Template-b6lpve.pdf,008fda2f-8fc9-4fe4-964f-66a483e15778,"Arrivals and Departures Checklist Template",https://strspecialist.com/wp-content/uploads/woocommerce_uploads/Arrivals-and-Departures-Checklist-Template-9fnk7x.docx,,,,MPN,STR-182822,1,1,,,
